label,sentence
_,The Indian National Initiative for Advanced Biomass Cookstoves: The benefits of clean combustion
_,India has recently launched the National Biomass Cookstoves Initiative (NCI) to develop next-generation cleaner biomass cookstoves and deploy them to all Indian households that currently use traditional cookstoves.
_,The initiative has set itself the lofty aim of providing energy service comparable to clean sources such as LPG but using the same solid biomass fuels commonly used today.
_,Such a clean energy option for the estimated 160 million Indian households now cooking with inefficient and polluting biomass and coal cookstoves could yield enormous gains in health and welfare for the weakest and most vulnerable sections of society.
_,"At the same time, cleaner household cooking energy through substitution by advanced-combustion biomass stoves (or other options such as clean fuels) can nearly eliminate the several important products of incomplete combustion that come from today's practices and are important outdoor and greenhouse pollutants."
Evidence,"Using national surveys, published literature and assessments, and measurements of cookstove performance solely from India, we find that about 570,000 premature deaths in poor women and children and over 4% of India's estimated greenhouse emissions could be avoided if such an initiative were in place today."
_,These avoided emissions currently would be worth more than US$1 billion on the international carbon market.
_,"In addition, about one-third of India's black carbon emissions can be reduced along with a range of other health- and climate-active pollutants that affect regional air quality and climate."
_,"Although current advanced biomass stoves show substantial emissions reductions over traditional stoves, there is still additional improvement needed to reach LPG-like emission levels."
Claim,We recognize that the technology development and deployment challenges to meet NCI goals of this scale are formidable and a forthcoming companion paper focuses on what program design elements might best be able to overcome these challenges.
