label,sentence
_,Challenges and prospects of Nigeria’s sustainable energy transition with lessons from other countries’ experiences
_,Abstract
_,"Sustainable energy transition is generally understood as a concept of developing robust, effective and efficient energy sectors in a particular country or region without compromising the present and future socio-environmental security."
_,"In view of this, several countries have made remarkable efforts towards achieving this all-important objective in compliance with modern energy needs and supply requirements."
Evidence,"Over half of the reported impoverished people globally reside in the sub-Saharan Africa (SSA) region and a sizeable portion of these people (up to 400 million) live in Nigeria, being the most populated country in Africa."
Evidence,The economic growth and social development of any nation depend remarkably on the sufficiency of its energy sector.
Claim,"Thus, the realization of the Sustainable Development Goals (SDGs) comes the year 2030, as projected by the united nations, in Nigeria and the entire SSA region depends heavily on energy."
_,"In this study, the importance of an equitable right to sustainable energy adoption in Nigeria and other countries in Africa towards meeting United Nations SDG’s deadline has been succinctly discussed."
_,The reform activities towards improving the energy sector of Nigeria are discussed and appropriate recommendations are made taking clues from other developing countries’ successful energy transition efforts.
