label,sentence
_,What women value in the midwifery continuity of care model: A systematic review with meta-synthesis
_,"Introduction: There are a number of qualitative studies indicating women are more satisfied with a continuity model of midwifery care however, their experiences have not been understood to gain an overall picture of what it is they value, appreciate and want in such a model."
_,A metasynthesis was undertaken in order to examine the current qualitative literature to gain a deeper understanding of the woman's perspective as a consumer of maternity care in a continuity model.
_,Aim: To identify and synthesise research findings presenting childbearing women's perspectives on continuity of midwifery care.
_,"Methods: A search using key words was undertaken using the following databases: CINAHL, Cochrane Library, Ovid, Medline, Nursing Reference Centre and Joanna Briggs Institute."
_,"Papers were included if they were published since 2006, in English and included qualitative data from the woman's perspective."
_,The selection process followed was the Preferred Reporting Items for Systematic Reviews and Meta-Analyses (PRISMA).
_,Quality appraisal was conducted by all authors using the Critical Appraisal Skills Programme (CASP) tool as a screening tool.
_,This allowed for each paper to be appraised to determine risk of bias.
Evidence,Findings: Thirteen quality appraised papers published between 2006 and 2016 were found which included qualitative data and were related to the woman's experience in a continuity model.
_,"Six papers were from Australia, three in the United Kingdom, two in New Zealand and one in the United States of America and Denmark."
Evidence,"Themes identified included an overarching concept of the relationship which was underpinned by themes of personalised care, trust and empowerment."
Claim,"Conclusions: The midwife-woman relationship is the vehicle through which personalised care, trust and empowerment are achieved in the continuity of midwifery model of care."
