label,sentence
_,Qualitative evaluation of the Saleema campaign to eliminate female genital mutilation and cutting in Sudan
_,"Background: Female genital mutilation and cutting (FGM/C, herein FGM) is a widespread and harmful practice."
_,"The Government developed a national campaign in Sudan, called Saleema, to change social norms discouraging FGM."
_,"Saleema translates to being ""whole"", healthy in body and mind, unharmed, intact, pristine, and untouched, in a God-given condition."
_,An interim evaluation was conducted using focus groups among Sudanese adults.
_,The primary aim was to explore perceptions of the Saleema poster exemplars and to assess if the desired themes were being communicated.
_,"Secondary aims were to understand more about participants' information sources, values, and suggestions for the campaign broadly."
_,Methods: The Saleema campaign evaluation included four focus groups from each of the 18 states in Sudan (72 total).
_,Participants were presented with three poster stimuli from the Saleema campaign and asked about the content and their reactions.
_,Themes were coded inductively by concepts that arose through content in the transcripts.
_,Codes were also reviewed in conjunction with themes from the broader Saleema evaluation framework.
_,"Results: Participants reported the most common source of information or admiration was from local leaders who are responsive to a community, media-based outlets, and discussions among community members."
_,"Participants held high value for education, community solidarity, and/or religious devotion."
Evidence,Participants had positive opinions of Saleema and responded positively to the branding elements in the posters and the campaign as a whole.
_,The most common suggestion was continued awareness.
Evidence,"Advocacy, training, and posters were suggested to highlight the harms of FGM through leaders or in community settings."
_,Individuals suggested that these activities target older women and individuals in rural villages.
_,There was also a burgeoning theme of targeting youth for support of the campaign.
Claim,Discussion: The results of this focus group analysis demonstrate support for future Saleema campaign efforts promoting awareness and community engagement.
_,"The campaign could capitalize on partnerships with young people and those who are respected in the community (e.g., religious leaders) or continue promoting common values aligning with the support of education and community solidarity."
_,Continuing campaign efforts have promise to decrease the harms of FGM in Sudan.
