label,sentence
_,Sex differences in personality traits and gender-related occupational preferences across 53 nations: testing evolutionary and social-environmental theories
_,Abstract
_,"Using data from over 200,000 participants from 53 nations, I examined the cross-cultural consistency of sex differences for four traits: extraversion, agreeableness, neuroticism, and male-versus-female-typical occupational preferences."
_,"Across nations, men and women differed significantly on all four traits (mean ds = -.15, -.56, -.41, and 1.40, respectively, with negative values indicating women scoring higher)."
Evidence,The strongest evidence for sex differences in SDs was for extraversion (women more variable) and for agreeableness (men more variable).
_,"United Nations indices of gender equality and economic development were associated with larger sex differences in agreeableness, but not with sex differences in other traits."
_,"Gender equality and economic development were negatively associated with mean national levels of neuroticism, suggesting that economic stress was associated with higher neuroticism."
_,"Regression analyses explored the power of sex, gender equality, and their interaction to predict men's and women's 106 national trait means for each of the four traits."
_,"Only sex predicted means for all four traits, and sex predicted trait means much more strongly than did gender equality or the interaction between sex and gender equality."
Claim,These results suggest that biological factors may contribute to sex differences in personality and that culture plays a negligible to small role in moderating sex differences in personality.
