label,sentence
_,Gender equality and fertility intentions revisited: Evidence from Finland
_,Abstract
_,Stimulated by the recent debate on gender roles and men's fertility behaviour (Puur et al.
_,"2008; Westoff and Higgins 2009; Goldscheider, Oláh and Puur 2010), we present evidence from Finland as a country well into the second phase of the so-called gender revolution."
_,"We examine how gender role attitudes relate to childbearing intentions at the onset of family life, intentions to have many (3 or more) children, and high personal fertility ideals among low-parity men and women."
_,Gender equality attitudes are measured for both the public and the domestic sphere and the influence of work and family orientation is controlled for.
Evidence,"Finding signs of a U-shaped association among men, we conclude that both traditional and egalitarian attitudes raise men's expected fertility compared to men with intermediate gender attitudes and independently of family values."
Claim,Among Finnish women the impact of gender attitudes is smaller and more ambiguous.
