label,sentence
_,The Relationship Between Discrimination and Missed HIV Care Appointments Among Women Living with HIV
_,Receiving regular HIV care is crucial for maintaining good health among persons with HIV.
_,"However, racial and gender disparities in HIV care receipt exist."
_,"Discrimination and its impact may vary by race/ethnicity and gender, contributing to disparities."
_,Data from 1578 women in the Women’s Interagency HIV Study ascertained from 10/1/2012 to 9/30/2016 were used to: (1) estimate the relationship between discrimination and missing any scheduled HIV care appointments and (2) assess whether this relationship is effect measure modified by race/ethnicity.
Claim,Self-reported measures captured discrimination and the primary outcome of missing any HIV care appointments in the last 6 months.
_,Log-binomial models accounting for measured sources of confounding and selection bias were fit.
Evidence,"For the primary outcome analyses, women experiencing discrimination typically had a higher prevalence of missing an HIV care appointment."
_,"Moreover, there was no statistically significant evidence for effect measure modification by race/ethnicity."
_,Interventions to minimize discrimination or its impact may improve HIV care engagement among women.
