label,sentence
_,Women participation: A productivity strategy in rice production
_,Abstract
_,Agriculture is an important engine for economic growth and a vigorous driver of poverty reduction in developing countries.
_,"In Pakistan, rice production is one of the most essential sectors."
_,"However, it has been underperforming, largely because of low women's participation, which is often a crucial resource in agriculture and the rural economy."
_,"Unfortunately, previous studies have seldom recognized and emphasized the role of women in triggering agricultural and rural development."
_,We address this research gap using 300 farm households' survey data forms collected from Pakistan farmers by applying the stochastic frontier analysis.
Evidence,"The results indicate that women's participation is associated with higher labor/land ratio, land productivity, and finally improved technical efficiency."
Evidence,"Precisely, women's participation increased technical efficiency (TE) by 47.3%."
_,"Interestingly, in view of previous studies, this evidence is not sporadic."
Claim,"Overall, our study provides some evidence to promote women's participation in rice production, as such empowerment of women holds great potential to enhance agricultural production, which is consistent with the aim of sustainable development goals (SDGs)."
