label,sentence
_,Does Gender Equality work for Sustainable Development in Central Africa Countries?
_,Some Empirical Lessons
_,Abstract
_,It is commonly argued that Central Africa countries need economic growth andgender equality to ensure economic well-being and improve the living standards ofthe population.
_,"This paper, based on the Kuznets curve associated toenvironmental analysis, aims to analyze the relationship between gender equalityand sustainable development."
_,"The cross-sectional analysis, with data from 11countries in Central Africa in 2010, was used."
Evidence,Results find a positive correlationbetween gender equality and sustainable development.
Claim,"When the Multidimensionalpoverty index increases, environmental problems reduce, translating the role ofgender in sustainable development in all Central Africa countries."
