label,sentence
_,﻿Domestic violence against women and associated factors in Ethiopia; systematic review
_,Background
_,"Violence against women is now widely recognized as a serious human right abuse, and an important public health problem with substantial consequences physical, mental, sexual, and reproductive health."
_,Data on systematic review of domestic violence are needed to support policy and program recommendations.
_,"Therefore, the overall purpose of this systematic review was to assess magnitude of domestic violence against women and associated factors in Ethiopia."
_,Methods
_,Studies systematically reviewed in Federal Democratic Republic of Ethiopia from 2000 to 2014.
_,"Systematic review was employed on published research works from databases such as Pubmed, popline, Hinari, and Google using key words."
_,We also consulted public health experts.
_,Community based studies with a study population (15–49 years) were included for review.
_,Thirteen peer reviewed papers and two consecutive Ethiopian demographic and health surveys (2005 and 2011) were included to the systematic review.
_,"Twenty seven available in open access journals were retrieved and assessed based on the criteria’s such as community based study, cross sectional study design, clearly report prevalence and associated factors were included in the systematic review work."
_,"Finally, 15 papers were included in this review."
_,Results
_,Lifetime prevalence of domestic violence against women by husband or intimate partner among 10 studies ranged from 20 to 78 %.
Evidence,The lifetime domestic physical violence by husband or intimate partner against women ranged from 31 to 76.5 %.
Evidence,The life time domestic sexual violence against women by husband or intimate partner ranged from 19.2 to 59 %.
Evidence,The mean life time prevalence of domestic emotional violence was 51.7 %.
_,Significant number of women experienced violence during their pregnancy period.
Evidence,"Domestic violence against women significantly associated with alcohol consumption, chat chewing, family history of violence, occupation, religion, educational status, residence and decision making power."
_,Conclusion
Claim,Domestic violence against women was relatively high in different parts of Ethiopia.
Claim,Domestic violence has direct relationship with sociodemographic characteristics of the victim as well as perpetrator.
_,"Therefore, appropriate health promotion information activities needed to tackle associated factors of domestic violence against women or to prevent and control the problem to save women from being victim."
