label,sentence
_,﻿Experiences from pregnancy and childbirth related to female genital mutilation among Eritrean immigrant women in Sweden.
_,OBJECTIVE
_,"to explore Eritrean immigrant women's experiences of female genital mutilation (FGM) during pregnancy, childbirth and the postpartum period."
_,DESIGN
_,qualitative study using an ethnographic approach.
_,Data were collected via tape-recorded interviews.
_,SETTING
_,"interviews in the Eritrean women's homes located in and around Uppsala, Sweden."
_,PARTICIPANTS
_,15 voluntary Eritrean immigrant women.
_,DATA COLLECTION AND ANALYSIS
_,Semi-structured interview and open-ended questions were used.
_,"The interviews were tape-recorded, transcribed verbatim and then analysed."
_,FINDINGS
_,six themes of experiences of FGM among Eritrean women during pregnancy and childbirth were identified.
Evidence,"They are (1) fear and anxiety; (2) extreme pain and long-term complications; (3) health-care professionals' knowledge of circumcision and health-care system; (4) support from family, relatives and friends; (5) de-infibulation; and (6) decision against female circumcision of daughters."
_,KEY CONCLUSION AND IMPLICATIONS FOR PRACTICE
Claim,"the Eritrean women had experiences of FGM and had suffered from its complications during pregnancy, childbirth and the postpartum period."
_,"Midwives and obstetricians should have competence in managing women with FGM, and they need increased understanding of cultural epistemology in order to be able to provide quality care to these women."
_,"At antenatal centres, circumcised women should be advised to de-infibulate before pregnancy."
_,Special courses about anatomical differences should be offered to these women and their husbands.
_,"It is also important to inform them about Swedish law, which prohibits all forms of FGM."
