label,sentence
_,﻿Intimate partner violence during pregnancy and associated mental health symptoms among pregnant women in Tanzania: a cross-sectional study.
_,OBJECTIVE
_,"Violence against pregnant women is a prevalent issue with severe health implications, especially during pregnancy."
_,This study seeks to determine the prevalence of intimate partner violence against women during pregnancy and its associated mental health symptoms.
_,DESIGN
_,Cross-sectional survey conducted from December 2011 to April 2012.
_,SETTING
_,"Muhimbili National Hospital antenatal clinic in Dar es Salaam, Tanzania."
_,SAMPLE
_,1180 pregnant antenatal care patients.
_,METHODS
_,Trained interviewers conducted face-to-face standardised interviews with the women in a private room prior to their antenatal care appointment.
_,"(PTSD), anxiety and depressive symptoms were assessed through the Conflict Tactics Scale, the John Hopkins Symptom Checklist (25) and the Posttraumatic Diagnostic Scale."
_,MAIN OUTCOME MEASURES
_,"The Conflict Tactics Scale, the John Hopkins Symptom Checklist (25) and the Posttraumatic Diagnostic Scale."
_,RESULTS
Evidence,"Of the 1180 women who were interviewed, 27% reported experiencing both physical and sexual intimate partner violence in the index pregnancy, with 18% reporting physical violence and 20% reporting sexual violence."
Evidence,"After adjusting for the sociodemographic characteristics of women, women who experienced physical and/or sexual intimate partner violence during pregnancy were significantly more likely to have moderate PTSD (AOR 2.94, 95% CI 1.71-5.06), anxiety (AOR 3.98, 95% CI 2.85-5.57) and depressive (AOR 3.31, 95% CI 2.39-4.593) symptoms than women who did not report physical and/or sexual intimate partner violence during pregnancy."
_,CONCLUSIONS
Claim,"About three out of ten women experienced physical or sexual intimate partner violence during pregnancy by an intimate partner, which was significantly associated with poor mental health symptoms."
_,"These rates are alarming, and justify training and education of antenatal care providers to raise awareness."
