label,sentence
_,﻿Intergenerational Transmission of Female Genital Cutting: Community and Marriage Dynamics.
_,Objective
_,This study examined how characteristics of households and communities are linked with the intergenerational transmission of gender inequality and particularly female genital cutting (FGC).
_,Background
_,Human capital perspectives suggest that socioeconomic inequality predicts FGC continuation.
_,This study contributes to discussions of institutional change by examining the association of decisions to forego FGC with household decision-making patterns and community gender norms.
_,Method
_,"Multilevel logistic regression was deployed to analyze a pooled sample (N = 12,144) of six Demographic and Health Surveys from Burkina Faso, Egypt, Guinea, Kenya, Mali and Nigeria."
_,"A series of models examined how decision-making styles, both at the household and community levels (2,524 DHS cluster aggregations), and community levels of FGC, correspond with the risk of having a daughter cut."
_,Results
_,Results show that daughters are less likely to be cut when parents make key household decisions jointly.
Evidence,Autonomous decision-making by women at the community level was associated with lower odds of daughters being cut.
Evidence,"However, at the community level, the impacts of women's household decision-making were attenuated when FGC was more prevalent."
_,Conclusion
Claim,The findings suggest that women's decision-making status is an important factor in FGC abandonment although that association is less robust when FGC is highly institutionalized.
_,"This study provides new insights into how women, families, and communities can disrupt the intergenerational transmission of behaviors associated with institutionalized gender inequality."
