label,sentence
_,﻿Management of painful clitoral neuroma after female genital mutilation/cutting
_,BackgroundTraumatic neuromas are the result of regenerative disorganized proliferation of the proximal portion of lesioned nerves.
_,They can exist in any anatomical site and are responsible for neuropathic pain.
_,Post-traumatic neuromas of the clitoris have been described as an uncommon consequence of female genital mutilation/cutting (FGM/C).
_,FGM/C involves partial or total removal of the female genital organs for non-therapeutic reasons.
_,"It can involve cutting of the clitoris and can cause psychological, sexual, and physical complications."
_,"We aimed to evaluate the symptoms and management of women presenting with a clitoral neuroma after female genital mutilation/cutting (FGM/C).MethodsWe identified women who attended our specialized clinic for women with FGM/C who were diagnosed with a traumatic neuroma of the clitoris between April 1, 2010 and June 30, 2016."
Evidence,"We reviewed their medical files and collected socio-demographic, clinical, surgical, and histopathological information.ResultsSeven women were diagnosed with clitoral neuroma."
Evidence,"Six attended our clinic to undergo clitoral reconstruction, and three of these suffered from clitoral pain."
_,"The peri-clitoral fibrosis was removed during clitoral reconstruction, which revealed neuroma of the clitoris in all six subjects."
Evidence,Pain was ameliorated after surgery.The seventh woman presented with a visible and palpable painful clitoral mass diagnosed as a neuroma.
_,Excision of the mass ameliorated the pain.Sexual function improved in five women.
Claim,"One was not sexually active, and one had not yet resumed sex.ConclusionPost-traumatic clitoral neuroma can be a consequence of FGM/C."
_,It can cause clitoral pain or be asymptomatic.
_,"In the case of pain symptoms, effective treatment is neuroma surgical excision, which can be performed during clitoral reconstruction."
_,Surgery should be considered as part of multidisciplinary care.
_,The efficacy of neuroma excision alone or during clitoral reconstruction to treat clitoral pain should be further assessed among symptomatic women.
