label,sentence
_,﻿Female genital mutilation and infections: a systematic review of the clinical evidence
_,Aim
_,Female genital mutilation (FGM) is a common practice especially performed in women with no anaesthesia or antibiotics and in absence of aseptic conditions.
_,"The aim of this systematic review is to explore and analyze for first time in the current literature, the clinical evidence related to the presence of infections in the practice of FGM."
_,Method
_,A systematic search of PubMed and Scopus was performed.
_,"A combination of the terms “female circumcision”, “genital mutilation”, “genital cutting” and “infection” were used."
_,Studies reporting data on the infections related to patients with FGM were included.
_,Results
_,"A total of 22,052 patients included, in the study, from African countries."
_,The age ranged from 10 days to 20 years.
_,"The procedure was done by physicians, paramedical staff, and other specialties."
_,"Type I FGM was performed in 3,115 women while 5,894, 4,049 and 93 women underwent Type II, Type III and unknown type of FGM, respectively."
Evidence,"Different types of infections were identified including UTIs, genitourinary tract infections, abscess formation and septicemia or even HIV infection."
_,"Moreover, most infections were identified in Type III FGM."
Evidence,"The isolated pathogens in the different type of infections, were HIV, Clostridium tetani, Chlamydia trachomatis, Neisseria gonorrhoeae, Treponema pallidum, Candida albicans, Trichomonas vaginalis, HSV-2, Pseudomonas pyocyanea, Staphylococcus aureus."
_,The univariate risk of infection ranged from 0.47 to 5.2.
_,Conclusion
Claim,A variety of infections can occur after FGM.
_,The management of these complications in a low-income economy can be a great burden for the families.
