label,sentence
_,Title: The social well-being of nurses shows a thirst for a holistic support: A qualitative study
_,Introduction Social well-being is one of the important aspects of health.
_,"In fact, this is a reflection of experience in a social environment, indicating how social challenges are determined."
_,"In other words, social well-being is an explanation of people's perception and experience of being in a good situation, satisfaction with the structure, and social interaction."
_,This qualitative study intended to explore nurses’ experience of social well-being.
_,Methods Qualitative content analysis was used to conduct the study.
_,"Through purposive sampling, a total of 18 nurses with various clinical experiences participated in semi-structured interviews."
_,"The data were analysed using the five-step, qualitative content analysis introduced by Graneheim and Lundman."
Evidence,Results The main theme extracted from the data analysis was “thirst for a holistic support” in nurses.
Evidence,"It consisted of two subthemes including internal support (family's support, colleague's support, and organizational support) and external support (society's support and media's support)."
Claim,Conclusions and discussion Nurses’ experiences in shaping their social well-being show that nurses need support in order to rebuild their social well-being.
Claim,"It is supported in partnership with the media, the community, health-related organizations, and by nurses and family."
_,"This improves job satisfaction, hope, motivation, commitment, and confidence so as to ultimately facilitate improvement of social well-being of nurses."
