label,sentence
_,"An analysis of trends and distribution of the burden of road traffic injuries in Uganda, 2011 to 2015: a retrospective study."
_,"Introduction: Gobally, 1.3 million people die from road traffic injuries every year."
_,Over 90% of these deaths occur in low-and-middle-income countries.
_,"In Uganda, between 2012 and 2014, about 53,147 road traffic injuries were reported by the police, out of which 8,906 people died."
_,"Temporal and regional distribution of these injuries is not known, hence hindering targeted interventions."
_,We described the trends and distribution of health facility reported road traffic injuries in Uganda from 2011 to 2015.
_,"Methods: We obtained monthly data on road traffic injuries, from 112 districts from the Ministry of Health Uganda."
_,We analyzed the data retrospectively to generate descriptive statistics.
_,"Results: A total of 645,805 road traffic injuries were reported from January 2011 through December 2015 and 2,807 deaths reported from 2011 through 2014."
Evidence,"Injuries increased from 37,219 in 2011 to 222,267 in 2014 and sharply dropped in December 2015 to 57,149."
Evidence,"Kampala region had the highest number of injuries and deaths (18.3% (117,950/645,805) and 22.6% (634/2807)) respectively whereas Karamoja had the lowest injuries and deaths (1.7% (10,823/645,805) and 0.8% (21/2807)) respectively."
_,Children aged 0-4 years accounted for 21.9% (615/2807) deaths; mostly females 81% (498/615) were affected.
Claim,Conclusion: Road traffic injuries increased during 2011-2014.
Claim,Injuries and deaths were highest in Kampala and lowest in Karamoja region.
_,It was noted that health facilities mostly received serious injuries.
_,It is likely that the burden is higher but under reported.
_,Concerted efforts are needed to increase road safety campaigns in Kampala and surrounding regions and to link pre-hospital deaths so as to understand the burden of road traffic crashes and recommend appropriate interventions.
_,Keywords: Trends; Uganda; health facilities; road traffic injuries.
