label,sentence
_,Importance of community engagement in primary health care: the case of Afghan refugees.
_,"Refugees can experience problems accessing and utilising Australian primary health care services, resulting in suboptimal health outcomes."
_,Little is known about the impact of their pre-migration health care experiences.
_,This paper demonstrates how the Afghan pre-migration experiences of primary health care can affect engagement with Australian primary care services.
_,"It considers the implications for Australian primary health care policy, planning and delivery."
_,"This paper is based on the international experiences, insights and expert opinions of the authors, and is underpinned by literature on Afghan health-seeking behaviour."
_,"Importantly, Afghanistan and Australia have different primary health care strategies."
Evidence,"In Afghanistan, health care is predominantly provided through a community-based outreach approach, namely through community health workers residing in the local community."
Evidence,"In contrast, the Australian health care system requires client attendance at formal health service facilities."
_,This difference contributes to service access and utilisation problems.
Claim,Community engagement is essential to bridge the gap between the Afghan community and Australian primary health care services.
_,"This can be achieved through the health sector working to strengthen partnerships between Afghan individuals, communities and health services."
_,Enhanced community engagement has the potential to improve the delivery of primary health care to the Afghan community in Australia.
