label,sentence
_,[Suicide mortality: gender and socioeconomic differences].
_,OBJECTIVE: To describe suicide mortality trend and sociodemographic patterns identifying gender and socioeconomic differences.
_,"METHODS: The trend of crude rates of suicide mortality by sex in the city of Campinas, Brazil, for the period 1976-2001 was assessed."
_,Data from the Mortality Registry were used for sociodemographic analyses in the period 1996-2001.
_,An ecological approach was used to examine socioeconomic differences and the 42 city areas of health care units were classified into 4 homogeneous strata.
_,Rates were age-adjusted using direct method.
Evidence,"RESULTS: The city has a low suicide rate (less than 5/100,000) in comparison with other countries."
Evidence,Male excess mortality was over 2.7 male suicides for each female suicide.
_,"While in 1980-1985 the older group (55 years and older) had the highest suicide rates, in 1997-2001 the middle-aged adult group (35-54 years old) showed the highest ones."
_,"As for suicide methods, men used hanging (36.4%) and firearms (31.8%), while women used poisoning (24.2%) and firearms and hanging (21.2% each)."
_,"Hangings led to death at home, while firearms or poisoning deaths took place more often in hospitals."
Evidence,Suicide is different from homicide in that there is no rate increase with lower socioeconomic level.
Claim,CONCLUSIONS: Suicide rates are low with successive increments and decrements without consistent growing or lowering trends.
Claim,The risk of dying by suicide is higher among men and does not increase with lower socioeconomic condition.
