label,sentence
_,Title: Perceived Discrimination and Well-Being in Romanian Immigrants: The Role of Social Support
_,"In this study, carried out with Romanian immigrants (N = 202), the aim was to test the extent to which discrimination in the workplace, health and legal contexts is linked to an important aspect of psychological well-being: self-acceptance."
_,"The results showed that immigrants had a relatively low level of perceived discrimination and good scores in self-acceptance, except for those who were unemployed."
_,"In addition, we examined the role of seeking social support in the relationship between perceived personal discrimination and self-acceptance."
_,The structural equations analysis provided evidence that the postulated models fit the data well.
Evidence,"Thus, it was confirmed that the higher the perceived personal discrimination, the lower the self-acceptance."
Evidence,The data also indicated that seeking social support mediates between perceived discrimination and psychological well-being.
Claim,These findings demonstrate the protective effect of social support for the mental health of immigrants.
