label,sentence
_,Evidence of Impact: iCCM as a strategy to save lives of children under five
_,"Background: In 2013, the World Health Organization (WHO) launched the Rapid Access Expansion (RAcE) programme in the Democratic Republic of Congo, Malawi, Mozambique, Niger, and Nigeria to increase coverage of diagnostic, treatment, and referral services for malaria, pneumonia, and diarrhea among children ages 2-59 months."
_,"In 2017, a final evaluation of the six RAcE sites was conducted to determine whether the programme goal was reached."
_,A key evaluation objective was to estimate the reduction in childhood mortality and the number of under-five lives saved over the project period in the RAcE project areas.
_,"Methods: The Lives Saved Tool (LiST) was used to estimate reductions in all-cause child mortality due to changes in coverage of treatment for the integrated community case management (iCCM) illnesses - malaria, pneumonia, and diarrhea - while accounting for other changes in maternal and child health interventions in each RAcE project area."
_,"Data from RAcE baseline and endline household surveys, Demographic and Health Surveys, and routine health service data were used in each LiST model."
_,"The models yielded estimated change in under-five mortality rates, and estimated number of lives saved per year by malaria, pneumonia and diarrhea treatment."
_,We adjusted the results to estimate the number of lives saved by community health worker (CHW)-provided treatment.
_,Results: The LiST model accounts for coverage changes in iCCM intervention coverage and other health trends in each project area to estimate mortality reduction and child lives saved.
Evidence,"Under five mortality declined in all six RAcE sites, with an average decline of 10 percent."
Evidence,"An estimated 6200 under-five lives were saved by malaria, pneumonia, and diarrhea treatment in the DRC, Malawi, Niger, and Nigeria, of which approximately 4940 (75 percent) were saved by treatment provided by CHWs."
_,"This total excludes Mozambique, where there were no estimated under-five lives saved likely due to widespread stockouts of key medications."
_,"In all other project areas, lives saved by CHW-provided treatment contributed substantially to the estimated decline in under-five mortality."
Claim,Conclusions: Our results suggest that iCCM is a strategy that can save lives and measurably decrease child mortality in settings where access to health facility services is low and adequate resources for iCCM implementation are provided for CHW services.
