label,sentence
_,"Title: Do good, stay well."
_,Well-being and work satisfaction among German refugee helpers: A national cross-sectional study
_,"Background: Since 2015, more than 3 million refugees have reached the European Union."
_,"In order to receive and integrate them, societies heavily rely on relief organizations and private initiatives."
_,"Yet the well-being, work-satisfaction and possible health implications for refugee helpers have not been adequately addressed."
_,"Methods: In a German national cross-sectional study, we gathered socio-demographic data on refugee helpers."
_,Work satisfaction was examined by means of Neuberger and Allerbeck's Work Description Inventory.
_,"We screened for depression by using the 5-item WHO Well-Being Index (WHO-5), and for post-traumatic stress disorder (PTSD) using the PTSD Short Screening Scale (PTSD-7)."
_,1712 questionnaires were analyzed.
_,"Results: Females accounted for 73.4% (1235), the mean age was 52.0 years (SD: 14.4)."
_,61.6% were academics (1042).
_,87.0% (1454) were voluntary helpers who invested 9.4 hours (SD: 8.9) per week.
_,Refugee helpers were more satisfied with the content than with the conditions or the organization of their work.
Evidence,Their work satisfaction and overall life satisfaction reached higher values than in representative samples.
_,The mean WHO-5 index for refugee helpers was 68.2 points (SD: 19.0).
_,Positive depression screening was found in 17.3% (226).
_,982 (57.4%) had experienced a traumatic event in their past or witnessed it during their work in refugee aid.
_,33 (2.8%) of the helpers had a positive PTSD screening.
_,Conclusions: Refugee helpers deliver invaluable services to migrants and receiving communities.
Claim,Our data indicates above average well-being as well as work-satisfaction.
_,Psychological traumatization is found frequently but fortunately PTSD is rare.
_,All efforts should be made to uphold helpers' keen spirit and contributions.
_,"They should be screened regularly with regards to work satisfaction, well-being and mental health."
_,"As part of a comprehensive health promotion strategy they should be instructed about depression, psychological trauma, PTSD and ways to find help."
