label,sentence
_,Childhood Adversities and Substance Misuse Among the Incarcerated: Implications for Treatment and Practice in Correctional Settings
_,Background: Incarcerated populations have high rates of childhood adversities and substance use problems.
_,"Moreover, childhood adversities are well-documented predictors of substance misuse."
_,"Objective: To investigate the impact of childhood sexual and physical abuse, caregiver abuse of drugs or alcohol, and time spent in foster care on several substance misuse outcomes."
_,"Methods: Data comes from a sample of 16,043 incarcerated men and women in the United States Survey of Inmates in State and Federal Facilities."
_,Bivariate analyses revealed differences by sex in childhood adversities and socioeconomic characteristics.
_,Logistic regression analyses assessed the data for a link between childhood adversities and substance misuse after adjusting for other variables.
_,Analyses were stratified by sex to show differences in predictors of substance misuse between men and women.
_,Results: Childhood adversities increased the risk of many substance misuse outcomes.
Evidence,"The prevalence of physical abuse, sexual abuse, foster care, and caretaker abuse of drugs or alcohol were greatest for inmates who reported injecting and sharing drugs."
Evidence,Growing up with a caregiver that used drugs or alcohol was a consistent predictor of increased risk of substance misuse for men and women.
_,"However, childhood sexual abuse increased risk for only women."
Claim,"Conclusions: Inmates who experience physical abuse, sexual abuse, foster care involvement and caretakers who use drugs and alcohol are at an increased risk of substance misuse, injecting drug use and syringe sharing."
_,Implications suggest correctional HIV prevention and substance misuse programs must address unresolved trauma and important gender differences.
