label,sentence
_,Characteristics of deaths by suicide in Northern Ireland from 2005 to 2011 and use of health services prior to death
_,Background:                    Service presentation may offer an opportunity for intervention prior to suicide.
_,"The study aimed to examine the characteristics, disorders and service use profiles of those who had died by suicide in Northern Ireland (NI) from 2005 to 2011."
_,Methods:                    An analysis of a database of deaths by suicide and undetermined intent based on data in the NI Coronial files from 2005 to 2011 (N=1667).
_,Results:                    Males are three times as likely to die by suicide as females and suicide rates similar among those aged 20-60 years.
_,Females have increased service use prior to suicide; males tend to disengage with services prior to death.
Evidence,"Females are more likely to have recorded prior attempts, service use, diagnosis and referral."
_,The most common health service used was primary care.
_,Limitations:                    Despite the inclusion of undetermined deaths (probable suicides) a proportion of deaths by suicide remain unrecorded as such.
_,"Data on marital status and mental and physical disorders were based on information recorded by police officers from relatives, other informants and medical records."
_,The reliability of this data may therefore be questioned.
_,Conclusions:                    Primary care has an important role in suicide prevention.
Claim,Gendered patterns in service use prior to death should be considered in suicide prevention programmes.
_,It is important to strengthen clinicians׳ knowledge of the manifestations of suicidal ideation in males and ways of encouraging service use in males.
_,The NI population who were exposed to the height of the violence of the conflict appear to be at increased risk of suicide as they age.
