label,sentence
_,"Pregnancy-related mortality in the United States, 2006-2010"
_,Objective:                    To update national population-level pregnancy-related mortality estimates and examine characteristics and causes of pregnancy-related deaths in the United States during 2006-2010.
_,"Methods:                    We used data from the Pregnancy Mortality Surveillance System and calculated pregnancy-related mortality ratios by year and age group for four race-ethnicity groups: non-Hispanic white, non-Hispanic black, Hispanic, and other."
_,We examined causes of pregnancy-related deaths by pregnancy outcome during 2006-2010 and compared causes of pregnancy-related deaths since 1987.
_,"Results:                    The 2006-2010 pregnancy-related mortality ratio was 16.0 deaths per 100,000 live births (20,959,533 total live births)."
_,"Specific race-ethnicity pregnancy-related mortality ratios were 12.0, 38.9, 11.7, and 14.2 deaths per 100,000 live births for non-Hispanic white, non-Hispanic black, Hispanic, and other race women, respectively."
_,"Pregnancy-related mortality ratios increased with maternal age for all women and within all age groups, non-Hispanic black women had the highest risk of dying from pregnancy complications."
Evidence,"Over time, the contribution to pregnancy-related deaths of hemorrhage, hypertensive disorders of pregnancy, embolism, and anesthesia complications continued to decline, whereas the contribution of cardiovascular conditions and infection increased."
_,Seven of 10 categories of causes of death each contributed from 9.4% to 14.6% of all 2006-2010 pregnancy-related deaths; cardiovascular conditions ranked first.
_,"Conclusion:                    Relative to previous years, during 2006-2010, the U.S. pregnancy-related mortality ratio increased as did the contribution of cardiovascular conditions and infection to pregnancy-related mortality."
Claim,"Although the identification of pregnancy-related deaths may be improving in the United States, the increasing contribution of chronic diseases to pregnancy-related mortality suggests a change in risk profile of the birthing population."
_,Level of evidence:                    II.
