label,sentence
_,"Air Pollution and Deaths among Elderly Residents of São Paulo, Brazil: An Analysis of Mortality Displacement"
_,Background:                    Evaluation of short-term mortality displacement is essential to accurately estimate the impact of short-term air pollution exposure on public health.
_,Objectives:                    We quantified mortality displacement by estimating single-day lag effects and cumulative effects of air pollutants on mortality using distributed lag models.
_,"Methods:                    We performed a daily time series of nonaccidental and cause-specific mortality among elderly residents of São Paulo, Brazil, between 2000 and 2011."
_,"Effects of particulate matter smaller than 10 μm (PM10), nitrogen dioxide (NO2) and carbon monoxide (CO) were estimated in Poisson generalized additive models."
_,"Single-day lag effects of air pollutant exposure were estimated for 0-, 1- and 2-day lags."
_,"Distributed lag models with lags of 0-10, 0-20 and 0-30 days were used to assess mortality displacement and potential cumulative exposure effects."
_,"Results:                    PM10, NO2 and CO were significantly associated with nonaccidental and cause-specific deaths in both single-day lag and cumulative lag models."
_,Cumulative effect estimates for 0-10 days were larger than estimates for single-day lags.
Evidence,Cumulative effect estimates for 0-30 days were essentially zero for nonaccidental and circulatory deaths but remained elevated for respiratory and cancer deaths.
Claim,Conclusions:                    We found evidence of mortality displacement within 30 days for nonaccidental and circulatory deaths in elderly residents of São Paulo.
Claim,We did not find evidence of mortality displacement within 30 days for respiratory or cancer deaths.
_,"Citation: Costa AF, Hoek G, Brunekreef B, Ponce de Leon AC."
_,2017.
_,"Air pollution and deaths among elderly residents of São Paulo, Brazil: an analysis of mortality displacement."
_,Environ Health Perspect 125:349-354; http://dx.doi.org/10.1289/EHP98.
