label,sentence
_,Pattern of road traffic injuries in Ghana: implications for control
_,Road traffic injuries and fatalities are increasing in Ghana.
_,"Police-collected crash and injury data for the period 1994-1998 were aggregated and analyzed using the MAAP5 accident analysis package developed by the Transport Research Laboratory, U.K."
_,Published results of recent transport-related epidemiological and other surveys provided an additional data source.
_,"According to the 1994-1998 police data, road traffic crashes were a leading cause of death and injuries in Ghana."
_,The other leading causes of death and injuries are occupational injuries which involve non-mechanized farming and tribal conflicts.
_,The majority of road traffic fatalities (61.2%) and injuries (52.3%) occurred on roads in rural areas.
_,"About 58% more people died on roads in the rural areas than in urban areas, and generally more severe crashes occurred on rural roads compared with urban areas."
Evidence,Pedestrians accounted for 46.2% of all road traffic fatalities.
Evidence,The majority of these (66.8%) occurred in urban areas.
_,"The second leading population of road users affected was riders in passenger-ferrying buses, minibuses and trucks."
_,The majority of these (42.8%) were killed on roads that pass through rural areas.
_,Pedestrian casualties were overrepresented (nearly 90%) in five regions located in the southern half of the country.
Claim,Efforts to tackle pedestrian safety should focus on the five regions of the country where most pedestrian fatalities occur in urban areas.
_,"Policies are also needed to protect passengers in commercially operated passenger-ferrying buses, minibuses and trucks because these vehicles carry a higher risk of being involved in fatal crashes."
