label,sentence
_,Suicide in England and Wales 1861-2007: a time-trends analysis
_,Background:                    Suicide is one of the leading causes of premature mortality worldwide.
_,Few studies have assessed long-term trends or sex differences in its incidence over time.
_,"We have investigated the age-, sex- and method-specific trends in suicide in England and Wales from 1861 to 2007."
_,"Methods:                    Overall age-standardized suicide rates using the European Standard Population and age-, sex- and method-specific rates were calculated for ages ≥15 years from 1861 to 2007."
_,"Results:                    Rates in males were consistently higher than females throughout the 19th and 20th centuries, although the male-to-female sex ratio fluctuated from 4 : 1 in the 1880s to 1.5 : 1 in the 1960s."
Evidence,"Suicide rates increased in all age groups in the 1930s, coinciding with the Great Depression."
_,The highest male rates (30.3 per 100 000) were recorded in 1905 and 1934 and have since been declining.
_,"Female rates peaked in the 1960s (11.8 per 100 000), declining afterwards."
_,In both sexes the lowest recorded rates were in the 21st century.
Evidence,There was a rapid rise in the use of domestic gas as a method of suicide in both sexes following its introduction at the end of the 19th century.
_,There was no evidence that this rise was accompanied by a decline in the use of other methods.
_,Self-poisoning also increased in popularity from the 1860s (5% of suicides) to the 1990s (22% of suicides).
_,Conclusions:                    The epidemiology of suicide in England and Wales has changed markedly over the past 146 years.
Claim,The rapid rise in gas suicide deaths in the 1920s highlights how quickly a new method of suicide can be established in a population when it is easily available.
Claim,The increase in suicides during the Great Depression has implications in relation to the current economic crisis.
_,Changes in the acceptability and lethality of various suicide methods may account for the large variations in sex ratios over time.
