label,sentence
_,"Pattern of road traffic injuries in Lublin County, Poland"
_,Background:                    Road traffic injury patients admitted to 35 hospitals in Lublin region.
_,"Objective:                    To describe the pattern of road traffic injuries in Lublin county, Poland."
_,Methods:                    Review of medical records for the period from January 2004 to December 2005.
_,Results:                    Pedestrians accounted for the largest share of the Road traffic crash (RTC) injury cases (35.8%) and 46.4% of deaths.
Evidence,The highest mortality was observed in motorcycle occupants (7.1%) and victims with abdominal injuries (9.8%).
_,"Vulnerable road users represented 71.4% of all RTC deaths, with mortality 5.8%."
_,Early transfers accounted for 82.5% of cases.
_,Mortality in early transfers is 4 times higher than in late transfers.
_,Conclusions:                    Poland ranks as one of the worst European countries in terms of severity and fatal outcomes of road traffic injuries.
Claim,"Groups of road users in Poland at the highest risk are pedestrians, cyclists, children and young male drivers."
_,The highest mortality rate occurs among road users affected by multiple trauma and head/vertebral column injuries.
_,"Alleviation of consequences of road traffic injuries in Poland may be achieved by coordinated efforts and collective responsibility of government, central level agencies, rescue team members and community groups."
