label,sentence
_,Predictive model and determinants of under-five child mortality: evidence from the 2014 Ghana demographic and health survey
_,"Background: Globally, millions of children aged below 5 years die every year and some of these deaths could have been prevented."
_,"Though a global problem, under-five mortality is also a major public health problem in Ghana with a rate of 60 deaths per 1000 live births."
_,Identification of drivers of mortality among children aged below 5 years is an important problem that needs to be addressed because it could help inform health policy and intervention strategies aimed at achieving the United Nations SDG Goal 3 target 2.
_,The aim of this study is to develop a predictive model and to identify determinants of under-five mortality.
_,Method: The 2014 Ghana Demographic and Health Survey data was used in this study.
_,Analyses were conducted on 5884 children.
_,The outcome variable is child survival status (alive or dead).
_,Single level binary logistic and multilevel logistic regression models were employed to investigate determinants of under-five mortality.
_,The fit of the model was checked using Variance Inflation Factor and Likelihood Ratio tests.
_,The Receiver Operating Characteristic curve was used to assess the predictive ability of the models.
_,A p-value< 0.05 was used to declare statistical significance.
_,Results: The study observed 289 (4.91%) deaths among children aged below 5 years.
Evidence,"The study produced a good predictive model and identified increase in number of total children ever born, number of births in last 5 years, and mothers who did not intend to use contraceptive as critical risk factors that increase the odds of under-five mortality."
_,"Also, children who were born multiple and residing in certain geographical regions of Ghana is associated with increased odds of under-five mortality."
_,Maternal education and being a female child decreased the odds of under-five mortality.
_,No significant unobserved household-level variations in under-five mortality were found.
_,The spatial map revealed regional differences in crude under-five mortality rate in the country.
Claim,"Conclusion: This study identified critical risk factors for under-five mortality and strongly highlights the need for family planning, improvement in maternal education and addressing regional disparities in child health which could help inform health policy and intervention strategies aimed at improving child survival."
_,Keywords: Child deaths; Developing countries; Ghana; Multilevel logistic regression; Odds ratio; Predictive model; ROC curve; Risk factors; Sub-Saharan Africa; Under-five mortality.
