label,sentence
_,Rates of intentionally caused and road crash deaths of US citizens abroad
_,"Context:                    Currently, little is known about rates of death by cause and country among US travellers."
_,Understanding the risk by cause and country is imperative to risk communication and the development of risk reduction strategies.
_,Methods:                    Publicly available data on non-natural deaths of US citizens abroad were gathered from January 2003 to December 2009 from the US Department of State's Department Bureau of Consular Affairs.
_,Traveller information was gathered from the US Department of Commerce Office of Travel and Tourism for the same time period.
_,Rates of death were calculated by dividing the number of non-natural deaths of US citizens abroad by the number of US outbound visits for each country.
_,Results:                    A total of 5417 non-natural death events were retrieved between 2003 and 2009 from the US State Department.
_,Intentionally caused death rates ranged from 21.44 per 1 000 000 visits in the Philippines to 0 per 1 000 000 visits in several countries; the majority of countries had fewer than five intentionally caused deaths per 1 000 000 visits.
Evidence,Rates of road traffic crashes were higher than rates of intentionally caused deaths in almost every instance.
_,"Thailand had the highest rate of deaths due to road traffic crashes (16.49 per 1 000 000), followed by Vietnam, Morocco and South Africa (15.12 per 1 000 000, 11.96 per 1 000 000 and 10.90 per 1 000 000, respectively)."
_,Motorcycle deaths account for most of the heightened risk observed in Thailand and Vietnam.
Claim,"Conclusions:                    The leading cause of non-natural deaths in US travellers abroad was road crashes, which exceeds intentional injury as the leading cause of non-natural deaths in almost every country where US citizens travel."
_,Southeast Asia had the highest unintentional injury death rates for US citizens abroad due to the high rates of deaths from motorcycle crashes.
