label,sentence
_,Road traffic injuries in the elderly
_,Objective:                    Elderly victims of motor vehicle collisions are increasing with the aging population.
_,This study aimed to investigate the injury pattern of elderly victims involved in motor vehicle collisions.
_,"Methods:                    This was a retrospective study using data from the Victorian State Trauma Outcome Registry and Monitoring Group (VSTORM) from June 2001 to July 2003, Australian Bureau of Statistics year 2001 population estimates, and Victoria Transport Accident Commission year 2001 total road death toll."
_,Elderly victims were defined as age 65 and above.
_,Comparison of fatality rates and general injury patterns for the elderly and young victims was undertaken.
_,Results:                    The total fatality rate of the elderly group was almost double that of the younger group.
Evidence,The elderly victims had a higher rate of chest injuries (23.42% v 18.17%; p = 0.003).
_,"The three most common chest injuries of the elderly victims were rib fractures (23.58%), flail chest (9.55%), and sternum fractures (5.97%)."
_,Elderly chest injured patients also had longer intensive care unit stay compared with the younger group (7.96 days v 5.31 days; p = 0.048).
Claim,"Conclusions:                    Elderly victims of motor vehicle collisions have a higher risk of chest injuries, especially of chest wall injuries."
_,Age specific injury patterns are important in determining primary and secondary prevention strategies.
