label,sentence
_,Are falls more common than road traffic accidents in pediatric trauma?
_,"Experience from a Level 1 trauma centre in New Delhi, India"
_,Purpose:                    The epidemiology of pediatric trauma is different in different parts of the world.
_,"Some re- searchers suggest falls as the most common mechanism, whereas others report road traffic accidents (RTAs) as the most common cause."
_,"The aim of this study is to find out the leading cause of pediatric admissions in Trauma Surgery in New Delhi, India."
_,Methods:                    Inpatient data from January 2012 to September 2014 was searched retrospectively in Jai Prakash Narayan Apex Trauma Centre Trauma Registry.
_,All patients aged 18 years or less on index presentation admitted to surgical ward/ICU or later taken transfer by the Department of Trauma Surgery were included.
_,Data were retrieved in predesigned proformas.
_,Information thus compiled was coded in unique alphanumeric codes for each variable and subjected to statistical analysis using SPSS version 21.
_,Results:                    We had 300 patients over a 33 month period.
_,"Among them, 236 (78.6%) were males and 64 (21.3%) females."
Evidence,Overall the predominant cause was RTAs in 132 (43%) patients.
_,"On subgroup analysis of up to 12 years age group (n = 147), the most common cause was found to be RTAs again."
Evidence,"However, falls showed an incremental upward trend (36.05% in up to 12 age group versus 27% overall), catching up with RTAs (44.89%)."
_,Pediatric Trauma Score (PTS) ranged from 0 to 12 with a mean of 8.12 ± 2.022.
_,"223 (74.33%) patients experienced trauma limited to one anatomic region only, whereas 77 (25.66%) patients suffered polytrauma."
_,288 patients were discharged to home care.
_,"Overall, 12 patients expired in the cohort."
_,Median hospital stay was 6 days (range 1-182).
_,"Conclusion:                    Pediatric trauma is becoming a cause of increasing concern, especially in the developing countries."
Claim,"The leading cause of admissions in Trauma Surgery is RTAs (43%) as compared to falls from height (27%); however, falls from height are showing an increasing trend as we move to younger age groups."
_,Enhancing road safety alone may not be a lasting solution for prevention of pediatric trauma and local injury patterns must be taken into account when formulating policies to address this unique challenge.
