label,sentence
_,﻿Midwives' experiences of caring for women with female genital mutilation: Insights and ways forward for practice in Australia.
_,BACKGROUND
_,"Female genital mutilation (FGM) has serious health consequences, including adverse obstetric outcomes and significant physical, sexual and psychosocial complications for girls and women."
_,Migration to Australia of women with FGM from high-prevalence countries requires relevant expertise to provide women and girls with FGM with specialised health care.
_,"Midwives, as the primary providers of women during pregnancy and childbirth, are critical to the provision of this high quality care."
_,AIM
_,"To provide insight into midwives' views of, and experiences working with, women affected by FGM."
_,METHODS
_,A descriptive qualitative study was undertaken using focus group discussions with midwives from four purposively selected antenatal clinics and birthing units in three hospitals in urban New South Wales.
_,The transcripts were analysed thematically.
_,FINDINGS
_,Midwives demonstrated knowledge and recalled skills in caring for women with FGM.
_,"However, many lacked confidence in these areas."
Evidence,Participants expressed fear and a lack of experience caring for women with FGM.
Evidence,"Midwives described practice issues, including the development of rapport with women, working with interpreters, misunderstandings about the culture of women, inexperience with associated clinical procedures and a lack of knowledge about FGM types and data collection."
_,CONCLUSION
Claim,"Midwives require education, training and supportive supervision to improve their skills and confidence when caring for women with FGM."
_,Community outreach through improved antenatal and postnatal home visitation can improve the continuity of care provided to women with FGM
