label,sentence
_,﻿Debating medicalization of Female Genital Mutilation/Cutting (FGM/C): learning from (policy) experiences across countries
_,Abstract
_,"Background: Although Female Genital Mutilation/Cutting (FGM/C) is internationally considered a harmful practice, it is increasingly being medicalized allegedly to reduce its negative health effects, and is thus suggested as a harm reduction strategy in response to these perceived health risks."
_,"In many countries where FGM/C is traditionally practiced, the prevalence rates of medicalization are increasing, and in countries of migration, such as the United Kingdom, the United States of America or Sweden, court cases or the repeated issuing of statements in favor of presumed minimal forms of FGM/C to replace more invasive forms, has raised the debate between the medical harm reduction arguments and the human rights approach."
_,"Main body: The purpose of this paper is to discuss the arguments associated with the medicalization of FGM/C, a trend that could undermine the achievement of Sustainable Development Goal 5.3."
_,"The paper uses four country case studies, Egypt, Indonesia, Kenya and UK, to discuss the reasons for engaging in medicalized forms of FGM/C, or not, and explores the ongoing public discourse in those countries concerning harm reduction versus human rights, and the contradiction between medical ethics, national criminal justice systems and international conventions."
_,The discussion is structured around four key hotly contested ethical dilemmas.
Evidence,"Firstly, that the WHO definition of medicalized FGM/C is too narrow allowing medicalized FGM to be justified by many healthcare professionals as a form of harm reduction which contradicts the medical oath of do no harm."
_,"Secondly, that medicalized FGM/C is a human rights abuse with lifelong consequences, no matter who performs it."
Evidence,"Thirdly, that health care professionals who perform medicalized FGM/C are sustaining cultural norms that they themselves support and are also gaining financially."
_,"Fourthly, the contradiction between protecting traditional cultural rights in legal constitutions versus human rights legislation, which criminalizes FGM/C."
Claim,Conclusion: More research needs to be done in order to understand the complexities that are facilitating the medicalization of FGM/C as well as how policy strategies can be strengthened to have a greater de-medicalization impact.
_,Tackling medicalization of FGM/C will accelerate the achievement of the Sustainable Development Goal of ending FGM by 2030
