label,sentence
_,﻿Midwives' experiences of routine antenatal questioning relating to men's violence against women.
_,OBJECTIVE
_,to describe and use the experience gained by antenatal-care midwives who routinely questioned pregnant women about personally experienced violence.
_,DESIGN
_,"qualitative, using focus-group discussions."
_,SETTING
_,antenatal care in a city in south-central Sweden.
_,STUDY POPULATION
_,21 midwives.
_,DATA COLLECTION AND ANALYSIS
_,the midwives participated in any one of five focus-group discussions held by the same moderator and observer.
_,"The discussions were audiotaped, transcribed verbatim and analysed using qualitative content analysis."
_,FINDINGS
_,the importance of routine questioning about violence was emphasised in all groups.
Evidence,Midwives felt they had failed in their duty when women were not questioned.
Evidence,The two main obstacles to such questioning were the delicacy of the subject and the routine of inviting the partner to all visits.
Evidence,The perceived delicacy underlined the need to devise a natural setting for the questioning.
Evidence,The midwives wanted to connect questions about abuse with related subjects routinely established in early pregnancy.
Evidence,"As the partner was invited to every visit, it was not practicable to establish a procedure whereby the assessment was connected with a particular visit."
_,"Other obstacles included the following: time constraints, oversight, a preconceived notion of who might be a victim of abuse and language difficulties."
_,"The midwives emphasised the importance of training, easy access to support for abused women, and personal counselling for midwives."
_,"They described their role as raising awareness of the problem of male violence, reducing the shame of being abused, informing, giving emotional support and mediating help."
_,KEY CONCLUSIONS AND IMPLICATIONS FOR PRACTICE
Claim,"in order to ensure that the establishment of experience of violence is a routine enquiry in antenatal care, midwives must have a reasonable opportunity of carrying out such questioning."
_,A routine that offers each woman a private consultation will ease the questioning and save time and distress.
