label,sentence
_,"﻿Violence against children, later victimisation, and mental health: a cross-sectional study of the general Norwegian population"
_,Background Violence in childhood is associated with mental health problems and risk of revictimisation.
_,Less is known about the relative importance of the various types of childhood and adult victimisation for adult mental health.
_,"Objective To estimate the associations between various types of childhood and adult violence exposure, and their combined associations to adult mental health."
_,"Method This study was a cross-sectional telephone survey of the Norwegian adult population; 2,435 women and 2,092 men aged 18–75 participated (19.3% of those we tried to call and 42.9% of those who answered the phone)."
_,The interview comprised a broad array of violence exposure in both childhood and adulthood.
_,Anxiety/depression was measured by the Hopkins Symptom Check List (HSCL-10).
_,"Results Victimisation was commonly reported, for example, child sexual abuse (women: 10.2%, men: 3.5%), childhood–parental physical violence (women: 4.9%, men: 5.1%), and lifetime forcible rape (women: 9.4%, men: 1.1%)."
Evidence,"All categories of childhood violence were significantly associated with adult victimisation, with a 2.2–5.0 times higher occurrence in exposed children (p<0.05 for all associations)."
Evidence,Anxiety/depression (HSCL-10) associated with adult abuse increased with the number of childhood violence categories experienced (p<0.001).
Evidence,All combinations of childhood violence were significantly associated with anxiety/depression (p<0.001 for all associations).
Evidence,Individuals reporting psychological violence/neglect had the highest levels of anxiety/depression.
_,Conclusions Results should be interpreted in light of the low response rate.
Claim,Childhood violence in all its forms was a risk factor for victimisation in adulthood.
Claim,Adult anxiety/depression was associated with both the number of violence categories and the type of childhood violence experienced.
_,A broad assessment of childhood and adult violence exposure is necessary both for research and prevention purposes.
_,"Psychological violence and neglect should receive more research attention, especially in combination with other types of violence."
