label,sentence
_,﻿Are older women forgotten in the fight against sexual violence?
_,"In light of this year’s International Women’s Day on March 8, we want to draw attention to the risk of neglecting older women in the discourse on women’s rights and in the recent campaigns around sexual victimisation."
_,"Sexual violence can induce long-lasting sexual, reproductive, physical, and mental health problems for victims and their peers, offspring, and community."
_,"In older adults, however, manifestations of these consequences are rarely recognised or linked to sexual victimisation."
_,"In contrast to the increasing research on elder abuse and neglect, sexual violence in older adults remains a largely under-researched area."
_,"In a meta-analysis of elder abuse prevalence in community settings, only 16 of 52 included studies addressed sexual violence."
_,"Moreover, reported prevalences of sexual violence in older adults were likely to be underestimated because of several methodological problems."
_,"First, most studies only included questions about rape, which is much less common than for example sexual harassment or sexual abuse without penetration."
_,"Second, in the majority of studies older adults were interviewed via telephone, which could lead to underreporting caused by safety issues, especially when victim and assailant live together."
_,"Third, all studies exclude cognitive impaired older adults who are known to be vulnerable to different types of abuse."
_,"And finally, all studies focus on assailants known to the victim, ignoring the fact that older adults can also be sexually offended by strangers."
_,"In summary, sexual violence in older adults is still too often conflated with other types of violence in the broader context of elder abuse and neglect."
Evidence,"Although research shows that sexuality remains important in older age, older adults are frequently considered “asexual” in policies and practices."
Evidence,This assumption of asexuality may further enhance the risk of ignoring that older women can be sexually victimised and in need of tailored care.
_,"Even the leading organisations providing guidance on care, including WHO, ignore the complexity of sexual violence in older adults by not including “disrespect of (sexual) intimacy” and “sexual neglect” into their definition of elder abuse and neglect."
_,This exclusion might lead to inadequate care of older adult victims of sexual violence.
_,"Revising the definition of elder abuse and neglect by including “sexual neglect”, as has recently been done by a group of academics and policy makers in Quebec, is of utmost importance."
_,"They defined “sexual neglect” as “a failure to provide privacy, failure to respect a person’s sexual orientation or gender identity, treating older adults as asexual beings and/or preventing them from expressing their sexuality, etc”."
Claim,"Altough older women are faced with several challenges that are linked to biological ageing, including physical and cognitive impairement, we argue that they are not suddenly exempted from sexuality nor to being prone to sexual violence exposure."
_,Older women should be considered as much female as women of other ages with specific vulnerabilities and risks of sexual victimisation.
_,"We urgently call for increased attention to older women in research, policies, and health practices."
