label,sentence
_,Title: Analysis of large scale climate data: how well climate change models and data from real sensor networks agree?
_,"Abstract: Research on global warming and climate changes has attracted a huge attention of the scientific community and of the media in general, mainly due to the social and economic impacts they pose over the entire planet."
_,"Climate change simulation models have been developed and improved to provide reliable data, which are employed to forecast effects of increasing emissions of greenhouse gases on a future global climate."
_,"The data generated by each model simulation amount to Terabytes of data, and demand fast and scalable methods to process them."
_,"In this context, we propose a new process of analysis aimed at discriminating between the temporal behavior of the data generated by climate models and the real climate observations gathered from ground-based meteorological station networks."
_,Our approach combines fractal data analysis and the monitoring of real and model-generated data streams to detect deviations on the intrinsic correlation among the time series defined by different climate variables.
_,Our measurements were made using series from a regional climate model and the corresponding real data from a network of sensors from meteorological stations existing in the analyzed region.
Evidence,"The results show that our approach can correctly discriminate the data either as real or as simulated, even when statistical tests fail."
Claim,"Those results suggest that there is still room for improvement of the state-of-the-art climate change models, and that the fractal-based concepts may contribute for their improvement, besides being a fast, parallelizable, and scalable approach."
