label,sentence
_,Title: Warming experiments underpredict plant phenological responses to climate change
_,Abstract: Warming experiments are increasingly relied on to estimate plant responses to global climate change.
_,"For experiments to provide meaningful predictions of future responses, they should reflect the empirical record of responses to temperature variability and recent warming, including advances in the timing of flowering and leafing."
_,"We compared phenology (the timing of recurring life history events) in observational studies and warming experiments spanning four continents and 1,634 plant species using a common measure of temperature sensitivity (change in days per degree Celsius)."
_,"We show that warming experiments underpredict advances in the timing of flowering and leafing by 8.5-fold and 4.0-fold, respectively, compared with long-term observations."
_,"For species that were common to both study types, the experimental results did not match the observational data in sign or magnitude."
_,"The observational data also showed that species that flower earliest in the spring have the highest temperature sensitivities, but this trend was not reflected in the experimental data."
_,These significant mismatches seem to be unrelated to the study length or to the degree of manipulated warming in experiments.
Evidence,"The discrepancy between experiments and observations, however, could arise from complex interactions among multiple drivers in the observational data, or it could arise from remediable artefacts in the experiments that result in lower irradiance and drier soils, thus dampening the phenological responses to manipulated warming."
Claim,Our results introduce uncertainty into ecosystem models that are informed solely by experiments and suggest that responses to climate change that are predicted using such models should be re-evaluated.
