label,sentence
_,Title: Accelerating extinction risk from climate change
_,"Abstract: Predicting extinction in a changing world There is great interest in understanding how species might respond to our changing climate, but predictions have varied greatly."
_,Urban looked at over 130 studies to identify the level of risk that climate change poses to species and the specific traits and characteristics that contribute to risk (see the Perspective by Hille Ris Lambers).
_,"If climate changes proceed as expected, one in six species could face extinction."
_,"Several regions, including South America, Australia, and New Zealand, face the greatest risk."
_,"Understanding these patterns will help us to prepare for, and hopefully prevent, climate-related loss of biodiversity."
_,"Science, this issue p. 571; see also p. 501 A meta-analysis details how current climate trends could result in increases in extinction."
_,[Also see Perspective by Hille Ris Lambers] Current predictions of extinction risks from climate change vary widely depending on the specific assumptions and geographic and taxonomic focus of each study.
_,I synthesized published studies in order to estimate a global mean extinction rate and determine which factors contribute the greatest uncertainty to climate change–induced extinction risks.
Evidence,"Results suggest that extinction risks will accelerate with future global temperatures, threatening up to one in six species under current policies."
_,"Extinction risks were highest in South America, Australia, and New Zealand, and risks did not vary by taxonomic group."
_,Realistic assumptions about extinction debt and dispersal capacity substantially increased extinction risks.
Claim,We urgently need to adopt strategies that limit further climate change if we are to avoid an acceleration of global extinctions.
