label,sentence
_,Title: Assessment of awareness regarding climate change in an urban community
_,Abstract:
_,Background : Climate change has emerged as one of the most devastating environmental threats.
_,It is essential to assess the awareness regarding climate change in the general population for framing the mitigation activities.
_,Aim: To assess the awareness regarding climate change in an urban community.
_,Settings and Design: Urban field practice area of a medical college in the Pune city.
_,Observational study.
_,Materials and Methods: The cross-sectional survey was conducted in the urban adult population who had given the written consent.
_,A pre-tested questionnaire was used for a face to face interview.
_,Responses were evaluated.
_,"Statistical Analysis Used: Proportions, percentage."
_,Results: Total 733 respondents above 18 years of age were included in the present survey.
Evidence,672 (91.68%) respondents commented that global climate is changing.
_,547 (81.40%) respondents opined that human activities are contributing to climate change.
_,576 (85.71%) respondents commented that climate changing based on their personal experiences.
_,Commonest source of information about climate change was television (59.78%).
_,"Poor awareness about UNFCC, Kyoto Protocol and IPCC was found."
_,549 (74.90%) respondents commented that deforestation contribute most significantly towards climate change.
_,As per 530 (72.31%) respondents water related issues are due to changing climate change.
_,"According to 529 (72.17%) respondents, direct physical hazards of extreme climatic events are most important health related impact of climate change."
_,"According to 478 (65.21%) respondents, life style changes (63.3%) would be most effective in tackling climate change and for preventing further climate change."
Claim,Conclusion: The urban general population is aware about changing global climate.
_,Personal efforts are more important in mitigating climate change as per the urban general population.
_,The awareness campaigns regarding mitigation activities are recommended.
