label,sentence
_,Title: Role of youth in combating climate change
_,Abstract: Climate change is one of the most critical global challenges of our times.
_,Recent events have emphatically demonstrated our growing vulnerability to climate change.
_,"Climate change impacts range from affecting agriculture, further endangering food security, to sea-level rise and the accelerated erosion of coastal zones increasing the intensity of natural disasters, species extinction, and spread of vector-borne diseases."
_,This issue is of immense importance for every global citizen.
_,Hence it requires an initiative against it globally.
_,[1]
_,Youth play a crucial role in combating climate change.
_,"A questionnaire-based pilot survey was conducted in Pune city of Maharashtra state, Indiam to assess awareness about climate change among the college going youth."
_,Amongst 201 respondents 66.2% were males and 33.8% were females studying in various faculties or courses.
_,"About 98.5% respondents said global climate is changing, 95.5% of the respondents also commented that human activities contribute to climate change."
_,The study also assessed awareness regarding major international organizations and panels working on global climate change and its effects.
_,"Only 45.3% of the respondents knew about the United Nations Framework Convention on Climate Change (UNFCC) and the Kyoto Protocol while 45.8% were aware of the Inter-governmental Panel on Climate Change (IPCC) which conducts scientific analysis of climate change, global warming and its impacts."
_,About 54.5% of the respondents believed that youth could play a major role in combating climate change.
_,"As per the 60th annual DPI/NGO conference organized by the United Nations Department of Public Information (DPI) in collaboration with the NGO/DPI, an executive committee meet on “Climate Change: How It Impacts Us All” was held from September 5 to 7, 2007, at the United Nations Headquarters."
_,"It stressed the role of youth, the next generation which inhabits the Earth and inherits the responsibility to protect the planet, in fighting the complex scientific problems and social quandaries presented by climate change."
_,Youth education represents one of the most effective tools to combat the destructive potential of climate change and cultivate an international understanding among members of the next generation since it is a long-term process that will impact an infinite number of future generations.
_,[2]
_,"The theme of International Youth Day, 2008, was “Youth and Climate change: Time for action.” In his address, Ban Ki-moon, Secretary-General of the United Nations said young people who are adept at spreading new habits and technologies are well placed to contribute to the fight against climate change."
Evidence,Mr. Ban stressed: “They (youth) are adaptable and can quickly make low-carbon lifestyles and career choices a part of their daily lives.
_,"Youth should therefore be given a chance to take an active part in the decision-making of local, national and global levels."
Evidence,They can actively support initiatives that will lead to the passage of far-reaching legislation.”[3] A more defined role should be given to the youth to prevent the impact of climate change.
Claim,It is essential to conduct major studies among youth regarding awareness about climate change as well as role of youth in combating climate change.
