label,sentence
_,"Frederick T. Short, Hilary A. Neckles,"
_,"The effects of global climate change on seagrasses,"
_,"Aquatic Botany,"
_,"Volume 63, Issues 3–4,"
_,"1999,"
_,"Pages 169-196,"
_,"ISSN 0304-3770,"
_,https://doi.org/10.1016/S0304-3770(98)00117-X.
_,(http://www.sciencedirect.com/science/article/pii/S030437709800117X)
_,"Abstract: The increasing rate of global climate change seen in this century, and predicted to accelerate into the next, will significantly impact the Earth's oceans."
_,"In this review, we examine previously published seagrass research through a lens of global climate change in order to consider the potential effects on the world's seagrasses."
_,A primary effect of increased global temperature on seagrasses will be the alteration of growth rates and other physiological functions of the plants themselves.
_,The distribution of seagrasses will shift as a result of increased temperature stress and changes in the patterns of sexual reproduction.
_,Indirect temperature effects may include plant community changes as a result of increased eutrophication and changes in the frequency and intensity of extreme weather events.
_,"The direct effects of sea level rise on the coastal oceans will be to increase water depths, change tidal variation (both mean tide level and tidal prism), alter water movement, and increase seawater intrusion into estuaries and rivers."
Evidence,A major impact of all these changes on seagrasses and tidal freshwater plants will be a redistribution of existing habitats.
_,"The intrusion of ocean water into formerly fresh or brackish water areas will directly affect estuarine plant distribution by changing conditions at specific locations, causing some plants to relocate in order to stay within their tolerance zones and allowing others to expand their distribution inland."
_,"Distribution changes will result from the effects of salinity change on seed germination, propagule formation, photosynthesis, growth and biomass."
_,"Also, some plant communities may decline or be eliminated as a result of increased disease activity under more highly saline conditions."
_,"Increased water depth, which reduces the amount of light reaching existing seagrass beds, will directly reduce plant productivity where plants are light limited."
_,"Likewise, increases in water motion and tidal circulation will decrease the amount of light reaching the plants by increasing turbidity or by stimulating the growth of epiphytes."
_,Increasing atmospheric carbon dioxide will directly elevate the amount of CO2 in coastal waters.
_,"In areas where seagrasses are carbon limited, this may increase primary production, although whether this increase will be sustained with long-term CO2 enrichment is uncertain."
_,"The impact of increases in CO2 will vary with species and environmental circumstances, but will likely include species distribution by altering the competition between seagrass species as well as between seagrass and algal populations."
_,"The reaction of seagrasses to UV-B radiation may range from inhibition of photosynthetic activity, as seen for terrestrial plants and marine algae, to the increased metabolic cost of producing UV-B blocking compounds within plant tissue."
_,The effects of UV-B radiation will likely be greatest in the tropics and in southern oceans.
Evidence,"There is every reason to believe that, as with the predicted terrestrial effects of global climate change, impacts to seagrasses will be great."
Claim,The changes that will occur in seagrass communities are difficult to predict; our assessment clearly points out the need for research directed toward the impact of global climate change on seagrasses.
_,Keywords: Seagrass; Climate; Greenhouse effect; Global warming; Carbon dioxide; UV radiation; Sea level rise; Eelgrass; Macrophyte
