label,sentence
_,Cause-specific excess mortality in suicidal patients: gender differences in mortality patterns
_,Objective:                    Few studies have investigated gender-specific excess mortality in suicidal patients.
_,The objective of this study was to examine the risk of dying from all causes of death in male and female suicidal patients.
_,Method:                    This study included 4140 patients who received psychiatric treatment in two Austrian hospitals after non-fatal suicidal behavior between 1989 and 2001.
_,Mortality was prospectively assessed for a maximum follow-up period of 17 years (1989-2005).
_,Gender-specific standardized mortality ratios were calculated for all causes of death.
_,Rate ratios were used to assess gender differences.
Evidence,"Results:                    Males but not females had an elevated risk to die from ""natural"" causes of death."
_,"Mortality from ""unnatural"" causes of death, particularly suicide, was elevated in both genders."
Evidence,The female suicide risk markedly exceeded the risk for males.
_,"In both genders, mortality caused by substance use disorders was considerably elevated."
Claim,Conclusion:                    Significant gender differences in the excess mortality of suicidal patients underline the need for gender-specific research in psychiatry.
