label,sentence
_,Climate controls on the terrestrial water balance: Influence of aridity on the basin characteristics parameter in the Budyko framework
_,"Abstract: The terrestrial water balance can be represented by the ratio of evapotranspiration to precipitation, which is expressed as a function of the aridity index (ϕ) and the basin characteristics parameter (n) in the Budyko framework."
_,"Traditionally n is assumed to be a constant for a catchment, independent to the climatic variables and altered only by changes in land cover and human activities."
_,"Another conceptual framework, Climate Change Impact Hypotheses (CCUW), makes similar assumption of constant catchment efficiency for evapotranspiration."
_,"In this study, using Variation Infiltration Capacity (VIC) model experiments, we show that the basin characteristics parameter and catchment efficiency are influenced by aridity index, in contrast with the traditional assumption."
_,We also examine the analytical derivation of a functional form of Budyko equation and show that the assumption of n being independent of the climate variables is not valid.
_,"Hydrologic simulations with VIC show that the influence of seasonal change in vegetation (in the form of Leaf Area Index) on n is negligible compared to that of aridity, but the intra-seasonal rainfall variability does have impacts."
_,"We demonstrate these with a case study on impact of 1.5 °C and 2 °C global warming scenarios on the terrestrial water cycle in the Ganga river basin, one of the large river basins of South Asia with multiple sub-basins."
Evidence,"Our findings imply that, with these assumptions, classical conceptual frameworks cannot fully explain the hydrometeorological impacts of climate change."
Claim,These results highlight the importance of model evaluation and assessment of model assumptions before regional impact assessment studies.
