label,sentence
_,Analysis of changes in the Great Lakes hydro-climatic variables
_,Abstract: A study of changes in hydro-climatology of the Great Lakes was performed incorporating the nonparametric Mann–Kendall trend detection test and a recently developed Bayesian multiple change point detection model.
_,"The Component Net Basin Supply (C-NBS) and its components (runoff, precipitation, evaporation) as well as water levels of Great Lakes were analyzed for gradual (i.e."
_,trend type) and abrupt (i.e.
_,shift type) nonstationary behaviors at seasonal and annual scales.
_,"It was found that the C-NBS experienced significant upward trends only in the lower Great Lakes (Erie, Ontario) during the summer portion of the year."
_,At an annual scale upward trends were observed only in Lake Ontario.
_,Change point analysis suggested an upward shift in Great Lakes C-NBS in the late 1960s and early 1970s.
Evidence,A combination of gradual and abrupt change analysis of Great Lakes water levels indicated a common upward shift along with a change in trend direction around the early 1970s.
Evidence,It was also found that precipitation and runoff are on a plateau and in some cases on a decreasing course following an increasing trend in the early twentieth century.
Claim,Results obtained from this study show that the hydro-climatology of Great Lakes is characterized by nonstationary behavior.
_,Changes in this behavior have caused the Great Lakes water levels to decrease during the last few decades.
_,This study provides valuable insights into the nature of the nonstationary behavior of hydro-climatic variables of Great Lakes and contributes useful information to the future water management planning.
