label,sentence
_,Assessing pricing assumptions for weather index insurance in a changing climate
_,Abstract: Weather index insurance is being offered to low-income farmers in developing countries as an alternative to traditional multi-peril crop insurance.
_,There is widespread support for index insurance as a means of climate change adaptation but whether or not these products are themselves resilient to climate change has not been well studied.
_,"Given climate variability and climate change, an over-reliance on historical climate observations to guide the design of such products can result in premiums which mislead policyholders and insurers alike, about the magnitude of underlying risks."
_,"Here, a method to incorporate different sources of climate data into the product design phase is presented."
_,"Bayesian Networks are constructed to demonstrate how insurers can assess the product viability from a climate perspective, using past observations and simulations of future climate."
_,"Sensitivity analyses illustrate the dependence of pricing decisions on both the choice of information, and the method for incorporating such data."
_,"The methods and their sensitivities are illustrated using a case study analysing the provision of index-based crop insurance in Kolhapur, India."
_,"We expose the benefits and limitations of the Bayesian Network approach, weather index insurance as an adaptation measure and climate simulations as a source of quantitative predictive information."
Evidence,Current climate model output is shown to be of limited value and difficult to use by index insurance practitioners.
Claim,"The method presented, however, is shown to be an effective tool for testing pricing assumptions and could feasibly be employed in the future to incorporate multiple sources of climate data."
