label,sentence
_,Dual stresses of flooding and agricultural land use reduce earthworm populations more than the individual stressors
_,Abstract: Global climate change is leading to a significant increase in flooding events in many countries.
_,Current practices to prevent damage to downstream urban areas include allowing the flooding of upstream agricultural land.
_,"Earthworms are ecosystem engineers, but their abundances in arable land are already reduced due to pressure from farming practices."
_,"If flooding increases on agricultural land, it is important to understand how earthworms will respond to the dual stresses of flooding and agricultural land use."
_,"The earthworm populations under three land uses (pasture, field margin, and crops), across two UK fields, were sampled seasonally over an 18-month period in areas of the fields which flood frequently and areas which flood only rarely."
_,Earthworm abundance in the crop and pasture soils and total earthworm biomass in the crop soils was significantly lower in the frequently flooded areas than in the rarely flooded areas.
Evidence,"The relative percentage difference in the populations between the rarely and frequently flooded areas was greater in the crop soils (−59.18% abundance, −63.49% biomass) than the pasture soils (−13.39% abundance, −9.66% biomass)."
Evidence,"In the margin soils, earthworm abundance was significantly greater in the frequently flooded areas (+140.56%), likely due to higher soil organic matter content and lower bulk density resulting in soil conditions more amenable to earthworms."
Claim,"The findings of this study show that earthworm populations already stressed by the activities associated with arable land use are more susceptible to flooding than populations in pasture fields, suggesting that arable earthworm populations are likely to be increasingly at risk with increased flooding."
